,Genes,value,freq,Genetic_Screen_Effect
 ABCA8, ABCA8,0.127807584,3,Sensitizers
 ABCB4, ABCB4,0.150365909,3,Sensitizers
 ACCN2, ACCN2,0.07401627,3,Sensitizers
 ACCN3, ACCN3,0.025750208,3,Sensitizers
 ACTA1, ACTA1,0.1178084452,5,Sensitizers
 ACYP1, ACYP1,0.175481496666667,3,Sensitizers
 ADA, ADA,0.161078234333333,3,Sensitizers
 ADCY4, ADCY4,0.139034908,3,Sensitizers
 ADH1A, ADH1A,0.0501828286666667,3,Sensitizers
 ADIPOR2, ADIPOR2,0.154907805666667,3,Sensitizers
 ADORA2B, ADORA2B,0.2351112,3,Sensitizers
 ADRB3, ADRB3,0.1234573631,3,Sensitizers
 ADSL, ADSL,0.0655992755,4,Sensitizers
 AHSG, AHSG,0.134026213333333,3,Sensitizers
 AKAP12, AKAP12,0.0419032533333333,3,Sensitizers
 AKR1C2, AKR1C2,0.136717010333333,3,Sensitizers
 AKT2, AKT2,0.0872475543333333,3,Sensitizers
 ALDH1A2, ALDH1A2,0.101634397,3,Sensitizers
 ALDH5A1, ALDH5A1,0.1174639715,4,Sensitizers
 ALDH6A1, ALDH6A1,0.18871293,3,Sensitizers
 ALG13, ALG13,0.218219116666667,3,Sensitizers
 ALG3, ALG3,0.0421538448333333,3,Sensitizers
 ALOX5, ALOX5,0.253452036666667,3,Sensitizers
 AMH, AMH,0.088353185,4,Sensitizers
 ANP32E, ANP32E,0.252192133333333,3,Sensitizers
 AOC2, AOC2,0.14432017,3,Sensitizers
 AOC3, AOC3,0.09357791325,4,Sensitizers
 AP3M1, AP3M1,0.107439845333333,3,Sensitizers
 APBA2, APBA2,0.11836435275,4,Sensitizers
 APOBEC3A, APOBEC3A,0.131581912333333,3,Sensitizers
 APOBEC3B, APOBEC3B,0.106531277,3,Sensitizers
 APPBP2, APPBP2,0.155722871333333,3,Sensitizers
 AR, AR,0.0994127517,4,Sensitizers
 ARAP2, ARAP2,0.1307061056,3,Sensitizers
 ARF3, ARF3,0.135843707333333,3,Sensitizers
 ARFGAP3, ARFGAP3,0.1141285,3,Sensitizers
 ARHGAP4, ARHGAP4,0.14892515,3,Sensitizers
 ARHGDIB, ARHGDIB,0.200661826666667,3,Sensitizers
 ARHGEF1, ARHGEF1,0.125968349666667,3,Sensitizers
 ARPC2, ARPC2,0.1329014774,5,Sensitizers
 ARSA, ARSA,0.105358703566667,3,Sensitizers
 ARSD, ARSD,0.109477638,3,Sensitizers
 ASH1L, ASH1L,0.060582687,3,Sensitizers
 ASPA, ASPA,0.127884228333333,3,Sensitizers
 ASS1, ASS1,0.192643893333333,3,Sensitizers
 ATF4, ATF4,0.17918287,3,Sensitizers
 ATG4A, ATG4A,0.152420508,3,Sensitizers
 ATG5, ATG5,0.0976189303333333,3,Sensitizers
 ATP5G3, ATP5G3,0.101484585766667,3,Sensitizers
 ATP5H, ATP5H,0.155271913,3,Sensitizers
 ATP5J, ATP5J,0.141785135666667,3,Sensitizers
 ATP6V0D1, ATP6V0D1,0.132646861666667,3,Sensitizers
 ATP6V1A, ATP6V1A,0.0663468778333333,3,Sensitizers
 ATP8A1, ATP8A1,0.14442774,3,Sensitizers
 ATRX, ATRX,0.136663180333333,3,Sensitizers
 ATXN2, ATXN2,0.074398344,3,Sensitizers
 AVPR1B, AVPR1B,0.2141177725,4,Sensitizers
 B3GALT6, B3GALT6,0.0888757298,3,Sensitizers
 BAI1, BAI1,0.105770315,3,Sensitizers
 BAX, BAX,0.104814898666667,3,Sensitizers
 BBS4, BBS4,0.0288333186666667,3,Sensitizers
 BCAT1, BCAT1,0.0147416724,3,Sensitizers
 BCKDHA, BCKDHA,0.153402334666667,3,Sensitizers
 BCL2L1, BCL2L1,0.0592136526666667,3,Sensitizers
 BCL3, BCL3,0.106164508333333,3,Sensitizers
 BCL6, BCL6,0.120973042666667,3,Sensitizers
 BCL9, BCL9,0.142364101666667,3,Sensitizers
 BDKRB1, BDKRB1,0.090795204675,4,Sensitizers
 BDKRB2, BDKRB2,0.0941581056666667,3,Sensitizers
 BET1, BET1,0.108748660666667,3,Sensitizers
 BHLHB3, BHLHB3,0.09436707315,4,Sensitizers
 BMP7, BMP7,0.138070493666667,3,Sensitizers
 BMP8A, BMP8A,0.20271866,3,Sensitizers
 BOK, BOK,0.193268036666667,3,Sensitizers
 BST1, BST1,0.125635786125,4,Sensitizers
 BTG3, BTG3,0.177722943333333,3,Sensitizers
 BTLA, BTLA,0.125811324033333,3,Sensitizers
 BZW1, BZW1,0.177258093333333,3,Sensitizers
 C14ORF166, C14ORF166,0.25517478,3,Sensitizers
 C4BPB, C4BPB,0.104714063,3,Sensitizers
 C7, C7,0.130515851666667,3,Sensitizers
 C9, C9,0.02599987325,4,Sensitizers
 C9ORF47, C9ORF47,0.0748099686666667,3,Sensitizers
 CA5A, CA5A,0.141419038333333,3,Sensitizers
 CACNA1F, CACNA1F,0.0928768814333333,3,Sensitizers
 CACNA1S, CACNA1S,0.15357397765,4,Sensitizers
 CADM1, CADM1,0.0832863323333333,3,Sensitizers
 CAMK1G, CAMK1G,0.121583200666667,3,Sensitizers
 CAMK2B, CAMK2B,0.0174363803333333,3,Sensitizers
 CAMK2G, CAMK2G,0.18338806,3,Sensitizers
 CANT1, CANT1,0.0232586463333333,3,Sensitizers
 CARD11, CARD11,0.168335553333333,3,Sensitizers
 CARS2, CARS2,0.069614949,3,Sensitizers
 CASP12, CASP12,0.0616589183333333,3,Sensitizers
 CASP9, CASP9,0.11112215825,4,Sensitizers
 CAST, CAST,0.0776399833333333,3,Sensitizers
 CBLC, CBLC,0.0515566936666667,3,Sensitizers
 CBX4, CBX4,0.193039120666667,3,Sensitizers
 CBX5, CBX5,0.158552778666667,3,Sensitizers
 CCL1, CCL1,0.116890627666667,3,Sensitizers
 CCL11, CCL11,0.055021261,3,Sensitizers
 CCL15, CCL15,0.1053011332,3,Sensitizers
 CCL17, CCL17,0.120776933,3,Sensitizers
 CCNA2, CCNA2,0.0426490186666667,3,Sensitizers
 CCNC, CCNC,0.0634351703333333,3,Sensitizers
 CCND3, CCND3,0.027081965,3,Sensitizers
 CCNT2, CCNT2,0.0510537783333333,3,Sensitizers
 CCR10, CCR10,0.1489715482,3,Sensitizers
 CCR2, CCR2,0.126525952425,4,Sensitizers
 CCR4, CCR4,0.117227916666667,3,Sensitizers
 CCR7, CCR7,0.119803294,3,Sensitizers
 CD207, CD207,0.0947987766666667,3,Sensitizers
 CD24, CD24,0.0306429563333333,3,Sensitizers
 CD276, CD276,0.082316594,3,Sensitizers
 CD2AP, CD2AP,0.0171164913333333,3,Sensitizers
 CD34, CD34,0.110055238666667,3,Sensitizers
 CD47, CD47,0.173540693333333,3,Sensitizers
 CD8B, CD8B,0.130581819,3,Sensitizers
 CD9, CD9,0.112072051,3,Sensitizers
 CDC14A, CDC14A,0.149223883333333,3,Sensitizers
 CDC14B, CDC14B,0.132874035333333,3,Sensitizers
 CDC2, CDC2,0.1991572075,4,Sensitizers
 CDC23, CDC23,0.13239558415,4,Sensitizers
 CDC25B, CDC25B,0.142561625333333,3,Sensitizers
 CDC2L2, CDC2L2,0.0842716412333333,3,Sensitizers
 CDC34, CDC34,0.0959801883333333,3,Sensitizers
 CDC40, CDC40,0.0795296073333333,3,Sensitizers
 CDH5, CDH5,0.1032036475,4,Sensitizers
 CDK2, CDK2,0.119779487333333,3,Sensitizers
 CDK5, CDK5,0.250754423333333,3,Sensitizers
 CDK8, CDK8,0.075490251425,4,Sensitizers
 CDT1, CDT1,0.042235053325,4,Sensitizers
 CEBPB, CEBPB,0.096594956,4,Sensitizers
 CFHR1, CFHR1,0.06617094125,4,Sensitizers
 CHAF1A, CHAF1A,0.0932409272333333,3,Sensitizers
 CHKA, CHKA,0.22686431,3,Sensitizers
 CHKB, CHKB,0.118339386666667,3,Sensitizers
 CHN1, CHN1,0.038705857,3,Sensitizers
 CHST4, CHST4,0.0230402803333333,3,Sensitizers
 CIRBP, CIRBP,0.20692875375,4,Sensitizers
 CKM, CKM,0.1032960314,3,Sensitizers
 CLK1, CLK1,0.112105877,3,Sensitizers
 CLK3, CLK3,0.185326222333333,3,Sensitizers
 CLOCK, CLOCK,0.15579373125,4,Sensitizers
 CMBL, CMBL,0.199683293333333,3,Sensitizers
 CNGA3, CNGA3,0.155269795666667,3,Sensitizers
 CNGB1, CNGB1,0.238506543333333,3,Sensitizers
 COL15A1, COL15A1,0.104637120666667,3,Sensitizers
 COL4A6, COL4A6,0.0844521286666667,3,Sensitizers
 COPA, COPA,0.18832515,3,Sensitizers
 COQ3, COQ3,0.134023322,4,Sensitizers
 COQ6, COQ6,0.0184165217833333,3,Sensitizers
 COX6C, COX6C,0.188647927333333,3,Sensitizers
 CPEB1, CPEB1,0.121045870433333,3,Sensitizers
 CPSF2, CPSF2,0.054827546,3,Sensitizers
 CSF1, CSF1,0.0369444525333333,3,Sensitizers
 CSNK1E, CSNK1E,0.038057171,3,Sensitizers
 CSRP3, CSRP3,0.138185849333333,3,Sensitizers
 CST3, CST3,0.132115879333333,3,Sensitizers
 CTSG, CTSG,0.0586748173333333,3,Sensitizers
 CX3CL1, CX3CL1,0.09589427,3,Sensitizers
 CXCR6, CXCR6,0.0499977166666667,3,Sensitizers
 DAPK1, DAPK1,0.190355838,3,Sensitizers
 DGKH, DGKH,0.0652829826666667,3,Sensitizers
 DISC1, DISC1,0.117034212,3,Sensitizers
 DLL3, DLL3,0.072117607,3,Sensitizers
 DNMBP, DNMBP,0.149062431666667,3,Sensitizers
 DNMT3L, DNMT3L,0.120299104333333,3,Sensitizers
 DRD4, DRD4,0.1251529436,5,Sensitizers
 E2F5, E2F5,0.116462359333333,3,Sensitizers
 EBI3, EBI3,0.2345902725,4,Sensitizers
 EIF3A, EIF3A,0.193572523333333,3,Sensitizers
 EIF4E2, EIF4E2,0.12603115,3,Sensitizers
 EIF4EBP1, EIF4EBP1,0.0840129473333333,3,Sensitizers
 ENPP1, ENPP1,0.217317803333333,3,Sensitizers
 ENTPD4, ENTPD4,0.113760929,3,Sensitizers
 ERN1, ERN1,0.082700675,3,Sensitizers
 EXOC7, EXOC7,0.277110676666667,3,Sensitizers
 FAF1, FAF1,0.14141879725,4,Sensitizers
 FAM132A, FAM132A,0.16332413,3,Sensitizers
 FANCC, FANCC,0.141009088666667,3,Sensitizers
 FARSA, FARSA,0.1585545084,5,Sensitizers
 FCGR3B, FCGR3B,0.0368106943333333,3,Sensitizers
 FCN1, FCN1,0.200497466666667,3,Sensitizers
 FGF11, FGF11,0.0567613758666667,3,Sensitizers
 FGF4, FGF4,0.102624973333333,3,Sensitizers
 FLNC, FLNC,0.082496203,3,Sensitizers
 FLOT1, FLOT1,0.107181354,4,Sensitizers
 FLT4, FLT4,0.0542218178666667,3,Sensitizers
 FN1, FN1,0.1987878475,4,Sensitizers
 FOXP1, FOXP1,0.116131796666667,3,Sensitizers
 FRAT2, FRAT2,0.0469179178,3,Sensitizers
 FTMT, FTMT,0.143155332,3,Sensitizers
 FUT9, FUT9,0.20668947,3,Sensitizers
 FZD4, FZD4,0.0863383263333333,3,Sensitizers
 FZD7, FZD7,0.0619440108,3,Sensitizers
 FZD9, FZD9,0.242409166666667,3,Sensitizers
 GAB2, GAB2,0.13182438675,4,Sensitizers
 GABRB1, GABRB1,0.114611950333333,3,Sensitizers
 GAD1, GAD1,0.161821528,3,Sensitizers
 GADD45G, GADD45G,0.117589133233333,3,Sensitizers
 GALC, GALC,0.158831332,4,Sensitizers
 GALNS, GALNS,0.125980632666667,3,Sensitizers
 GALNT14, GALNT14,0.17315543,3,Sensitizers
 GALNT3, GALNT3,0.1594209675,4,Sensitizers
 GALNT9, GALNT9,0.0717820416666667,3,Sensitizers
 GALT, GALT,0.086566131,4,Sensitizers
 GAPDH, GAPDH,0.109307400142857,7,Sensitizers
 GAPDHS, GAPDHS,0.095687545,3,Sensitizers
 GAS2, GAS2,0.080898805,3,Sensitizers
 GBA, GBA,0.16466525,4,Sensitizers
 GBA3, GBA3,0.105974751166667,3,Sensitizers
 GCG, GCG,0.079203853,3,Sensitizers
 GCKR, GCKR,0.1338439625,4,Sensitizers
 GDF11, GDF11,0.074664151,3,Sensitizers
 GDF3, GDF3,0.150135734333333,3,Sensitizers
 GDI2, GDI2,0.14212597125,4,Sensitizers
 GGH, GGH,0.0625580753333333,3,Sensitizers
 GHR, GHR,0.181518866666667,3,Sensitizers
 GHRL, GHRL,0.103746482,3,Sensitizers
 GJA1, GJA1,0.15889034,3,Sensitizers
 GLCE, GLCE,0.1166620671,3,Sensitizers
 GMNN, GMNN,0.126416079133333,3,Sensitizers
 GNAL, GNAL,0.106389019,3,Sensitizers
 GNAT1, GNAT1,0.169081222333333,3,Sensitizers
 GNRH1, GNRH1,0.175851343333333,3,Sensitizers
 GOLGA2, GOLGA2,0.121778816666667,3,Sensitizers
 GOSR2, GOSR2,0.184188369333333,3,Sensitizers
 GP6, GP6,0.140637260466667,3,Sensitizers
 GPC5, GPC5,0.027227494,3,Sensitizers
 GPD2, GPD2,0.111972814666667,3,Sensitizers
 GPR45, GPR45,0.052424622,3,Sensitizers
 GPR77, GPR77,0.043202906,3,Sensitizers
 GPR81, GPR81,0.188984833333333,3,Sensitizers
 GRB2, GRB2,0.155425309,3,Sensitizers
 GRB7, GRB7,0.0131280713333333,3,Sensitizers
 GRIN2C, GRIN2C,0.170446673333333,3,Sensitizers
 GRK1, GRK1,0.109905037666667,3,Sensitizers
 GRM4, GRM4,0.149208192333333,3,Sensitizers
 GRM6, GRM6,0.112604156,3,Sensitizers
 GSK3B, GSK3B,0.142091037366667,3,Sensitizers
 GSR, GSR,0.10440019125,4,Sensitizers
 GSTA2, GSTA2,0.0859436026666667,3,Sensitizers
 GTF2A1L, GTF2A1L,0.073261857,3,Sensitizers
 GTF2H4, GTF2H4,0.0597331476666667,3,Sensitizers
 GTF2I, GTF2I,0.145751182666667,3,Sensitizers
 GYPA, GYPA,0.122512703333333,3,Sensitizers
 GYS2, GYS2,0.0146271286666667,3,Sensitizers
 GZMA, GZMA,0.0265357664333333,3,Sensitizers
 H2AFX, H2AFX,0.024001776,3,Sensitizers
 HAGH, HAGH,0.15915438,4,Sensitizers
 HARS2, HARS2,0.226858853333333,3,Sensitizers
 HBB, HBB,0.0488665988,3,Sensitizers
 HBQ1, HBQ1,0.0994504683333333,3,Sensitizers
 HDAC10, HDAC10,0.1343828778,3,Sensitizers
 HDAC8, HDAC8,0.166133896666667,3,Sensitizers
 HELB, HELB,0.0871895913333333,3,Sensitizers
 HES1, HES1,0.142780471333333,3,Sensitizers
 HES2, HES2,0.141492369666667,3,Sensitizers
 HES6, HES6,0.142922201,4,Sensitizers
 HEXB, HEXB,0.08208159875,4,Sensitizers
 HIF1A, HIF1A,0.0953104266,5,Sensitizers
 HIPK2, HIPK2,0.10564158875,4,Sensitizers
 HK3, HK3,0.115588446666667,3,Sensitizers
 HLA-DPA1, HLA-DPA1,0.12606690275,4,Sensitizers
 HMGCS1, HMGCS1,0.211161606666667,3,Sensitizers
 HMOX2, HMOX2,0.251775836666667,3,Sensitizers
 HNF4A, HNF4A,0.1408435675,4,Sensitizers
 HOXA9, HOXA9,0.23363851,3,Sensitizers
 HOXC13, HOXC13,0.038510662,5,Sensitizers
 HPRT1, HPRT1,0.145466446433333,3,Sensitizers
 HPSE, HPSE,0.140849405666667,3,Sensitizers
 HRH1, HRH1,0.1488747696,5,Sensitizers
 HS2ST1, HS2ST1,0.0725017525,4,Sensitizers
 HS3ST5, HS3ST5,0.106415447333333,3,Sensitizers
 HS6ST3, HS6ST3,0.180680446666667,3,Sensitizers
 HSD3B7, HSD3B7,0.0307294186666667,3,Sensitizers
 HYOU1, HYOU1,0.177407047666667,3,Sensitizers
 IAPP, IAPP,0.0776001033333333,3,Sensitizers
 ID3, ID3,0.060751414,3,Sensitizers
 IDE, IDE,0.2561991,3,Sensitizers
 IDUA, IDUA,0.125515022,3,Sensitizers
 IFI35, IFI35,0.103993432,3,Sensitizers
 IFNA21, IFNA21,0.0977399258,5,Sensitizers
 IFNG, IFNG,0.12152126625,4,Sensitizers
 IFNK, IFNK,0.100680061666667,3,Sensitizers
 IGFBP7, IGFBP7,0.0784117777666667,3,Sensitizers
 IL10RA, IL10RA,0.0782585623333333,3,Sensitizers
 IL12A, IL12A,0.13515693,3,Sensitizers
 IL12B, IL12B,0.087740079,4,Sensitizers
 IL17C, IL17C,0.091231593,4,Sensitizers
 IL1R2, IL1R2,0.096565747,3,Sensitizers
 IL21, IL21,0.0506394135333333,3,Sensitizers
 IL22RA2, IL22RA2,0.126724449,4,Sensitizers
 IL25, IL25,0.0572677786666667,3,Sensitizers
 IL27RA, IL27RA,0.12455701825,4,Sensitizers
 IL28RA, IL28RA,0.085396945,3,Sensitizers
 IL9R, IL9R,0.0647973053333333,3,Sensitizers
 ILVBL, ILVBL,0.0531389816,5,Sensitizers
 IMPA1, IMPA1,0.106080883,4,Sensitizers
 INPP4B, INPP4B,0.131862527333333,3,Sensitizers
 IRAK4, IRAK4,0.182519128666667,3,Sensitizers
 IRF2BP1, IRF2BP1,0.10158301935,4,Sensitizers
 IRF7, IRF7,0.05584646775,4,Sensitizers
 ISYNA1, ISYNA1,0.209921816666667,3,Sensitizers
 ITGB1, ITGB1,0.149560890333333,3,Sensitizers
 JAZF1, JAZF1,0.134467986,3,Sensitizers
 KAT5, KAT5,0.05838512,3,Sensitizers
 KCNE1, KCNE1,0.195616366666667,3,Sensitizers
 KCNE2, KCNE2,0.147031169333333,3,Sensitizers
 KCNK1, KCNK1,0.0915904443333333,3,Sensitizers
 KCNMB2, KCNMB2,0.0432556615666667,3,Sensitizers
 KCNMB4, KCNMB4,0.0864533283333333,3,Sensitizers
 KCNN4, KCNN4,0.0551105596666667,3,Sensitizers
 KCNQ1, KCNQ1,0.17010655,4,Sensitizers
 KCNQ5, KCNQ5,0.158766821666667,3,Sensitizers
 KERA, KERA,0.1462313437,3,Sensitizers
 KIT, KIT,0.202337648,3,Sensitizers
 KLC1, KLC1,0.100282924,3,Sensitizers
 KLK2, KLK2,0.125039488466667,3,Sensitizers
 KMO, KMO,0.0826032316666667,3,Sensitizers
 KNG1, KNG1,0.109369332333333,3,Sensitizers
 KRAS, KRAS,0.0756493123333333,3,Sensitizers
 KRT17, KRT17,0.169458953,3,Sensitizers
 KRT8, KRT8,0.086976067,3,Sensitizers
 L1CAM, L1CAM,0.274929083333333,3,Sensitizers
 LALBA, LALBA,0.108899571,3,Sensitizers
 LAMC1, LAMC1,0.0369391118333333,3,Sensitizers
 LAT2, LAT2,0.157136866666667,3,Sensitizers
 LCLAT1, LCLAT1,0.158420569833333,3,Sensitizers
 LDHA, LDHA,0.2558832625,4,Sensitizers
 LHB, LHB,0.10632589,4,Sensitizers
 LHX8, LHX8,0.14660337705,4,Sensitizers
 LIG3, LIG3,0.14247489,3,Sensitizers
 LIG4, LIG4,0.117366941,3,Sensitizers
 LMNA, LMNA,0.0994733312666667,3,Sensitizers
 LMO1, LMO1,0.0622766695,3,Sensitizers
 LNPEP, LNPEP,0.072757941,3,Sensitizers
 LOC284064, LOC284064,0.108409218,3,Sensitizers
 LOC439992, LOC439992,0.0414566795666667,3,Sensitizers
 LOC441996, LOC441996,0.113872042666667,3,Sensitizers
 LPAR2, LPAR2,0.172138154,3,Sensitizers
 LPIN2, LPIN2,0.027258568,4,Sensitizers
 LRRK2, LRRK2,0.111989503,3,Sensitizers
 LTB, LTB,0.063625237,4,Sensitizers
 Luc, Luc,0.112632310833333,8,Sensitizers
 LY96, LY96,0.187124493333333,3,Sensitizers
 MAD2L2, MAD2L2,0.18065669,3,Sensitizers
 MAF, MAF,0.143067063333333,3,Sensitizers
 MAGEH1, MAGEH1,0.115197848666667,3,Sensitizers
 MAP3K2, MAP3K2,0.227726594666667,3,Sensitizers
 MAP4K2, MAP4K2,0.078849234375,4,Sensitizers
 MAPK13, MAPK13,0.109718388333333,3,Sensitizers
 MAT2B, MAT2B,0.103285063333333,3,Sensitizers
 MC2R, MC2R,0.161238269333333,3,Sensitizers
 MCAT, MCAT,0.10589801825,4,Sensitizers
 MCM4, MCM4,0.1388805669,4,Sensitizers
 MCM7, MCM7,0.18356568,3,Sensitizers
 MCPH1, MCPH1,0.0546830176666667,3,Sensitizers
 MEF2A, MEF2A,0.02302506025,4,Sensitizers
 MEF2C, MEF2C,0.04249798225,4,Sensitizers
 MGAT3, MGAT3,0.21006148,3,Sensitizers
 MIB1, MIB1,0.104009368666667,3,Sensitizers
 MINPP1, MINPP1,0.0969155606666667,3,Sensitizers
 MKKS, MKKS,0.269198436666667,3,Sensitizers
 MMS19L, MMS19L,0.109279606666667,3,Sensitizers
 MNAT1, MNAT1,0.112086768333333,3,Sensitizers
 MPI, MPI,0.121446053,3,Sensitizers
 MPPED2, MPPED2,0.0818323621,3,Sensitizers
 MR1, MR1,0.0922459370666667,3,Sensitizers
 MSH5, MSH5,0.109965855,3,Sensitizers
 MSI1, MSI1,0.0823338685,3,Sensitizers
 MSTN, MSTN,0.160088116666667,3,Sensitizers
 MT2A, MT2A,0.135794329333333,3,Sensitizers
 MTA3, MTA3,0.113561979875,4,Sensitizers
 MTHFD1, MTHFD1,0.0896714123333333,3,Sensitizers
 MTIF2, MTIF2,0.107309279666667,3,Sensitizers
 MUSK, MUSK,0.109636433333333,3,Sensitizers
 MVP, MVP,0.070591005375,4,Sensitizers
 MYBPC2, MYBPC2,0.165158145333333,3,Sensitizers
 MYD88, MYD88,0.141783698,3,Sensitizers
 MYH6, MYH6,0.118550676333333,3,Sensitizers
 MYL2, MYL2,0.08783284,3,Sensitizers
 MYL3, MYL3,0.1096094962,3,Sensitizers
 MYT1, MYT1,0.0706636090666667,3,Sensitizers
 NAGA, NAGA,0.0545729716666667,3,Sensitizers
 NAGS, NAGS,0.13167321175,4,Sensitizers
 NAPG, NAPG,0.16408014,4,Sensitizers
 NAT2, NAT2,0.122848502333333,3,Sensitizers
 NCF4, NCF4,0.234125996666667,3,Sensitizers
 NDST3, NDST3,0.0728236186666667,3,Sensitizers
 NDST4, NDST4,0.18547994,3,Sensitizers
 NDUFA4, NDUFA4,0.201297797,4,Sensitizers
 NDUFA5, NDUFA5,0.172644576666667,3,Sensitizers
 NDUFB4, NDUFB4,0.133865085333333,3,Sensitizers
 NDUFS2, NDUFS2,0.21053634,4,Sensitizers
 NDUFS4, NDUFS4,0.174940583333333,3,Sensitizers
 NEIL2, NEIL2,0.14267235,3,Sensitizers
 NF1, NF1,0.106950198666667,3,Sensitizers
 NKIRAS2, NKIRAS2,0.137118057666667,3,Sensitizers
 NLK, NLK,0.123364401225,4,Sensitizers
 NNT, NNT,0.219333826666667,3,Sensitizers
 NOD2, NOD2,0.101112126666667,3,Sensitizers
 NOS2A, NOS2A,0.0886488833333333,3,Sensitizers
 NPC1, NPC1,0.0498063493333333,3,Sensitizers
 NPEPPS, NPEPPS,0.167966902333333,3,Sensitizers
 NPR1, NPR1,0.137619080666667,3,Sensitizers
 NR1H3, NR1H3,0.173614685,4,Sensitizers
 NR2E1, NR2E1,0.17951119,3,Sensitizers
 NR2F1, NR2F1,0.154315291333333,3,Sensitizers
 NR6A1, NR6A1,0.10985009825,4,Sensitizers
 NRAS, NRAS,0.0511751483333333,3,Sensitizers
 NRG1, NRG1,0.139202213333333,3,Sensitizers
 NT5C2, NT5C2,0.092788909,4,Sensitizers
 NT5C3, NT5C3,0.12885492875,4,Sensitizers
 NT5M, NT5M,0.131129493333333,3,Sensitizers
 NUMB, NUMB,0.0561680362,4,Sensitizers
 OAS1, OAS1,0.139964495233333,3,Sensitizers
 OAT, OAT,0.0799250006666667,3,Sensitizers
 OCIAD1, OCIAD1,0.086062983,3,Sensitizers
 OXA1L, OXA1L,0.193879359666667,3,Sensitizers
 P2RY6, P2RY6,0.142843561666667,3,Sensitizers
 PAPSS2, PAPSS2,0.21303499,3,Sensitizers
 PAX3, PAX3,0.178141526666667,3,Sensitizers
 PAX5, PAX5,0.101350216,3,Sensitizers
 PCSK1, PCSK1,0.11783202625,4,Sensitizers
 PDCD2, PDCD2,0.0866980656666667,3,Sensitizers
 PDE1B, PDE1B,0.20607727,3,Sensitizers
 PDE3B, PDE3B,0.13228674,3,Sensitizers
 PDE4B, PDE4B,0.10564522,3,Sensitizers
 PDE6H, PDE6H,0.169337461,3,Sensitizers
 PDGFA, PDGFA,0.0802885693333333,3,Sensitizers
 PDGFB, PDGFB,0.190489055,4,Sensitizers
 PDHB, PDHB,0.0171230443333333,3,Sensitizers
 PDK2, PDK2,0.103470893125,4,Sensitizers
 PEG3, PEG3,0.150882474333333,3,Sensitizers
 PELI3, PELI3,0.0517644643333333,3,Sensitizers
 PENK, PENK,0.0830074496666667,3,Sensitizers
 PER2, PER2,0.19575571,3,Sensitizers
 PF4, PF4,0.132539755333333,3,Sensitizers
 PGF, PGF,0.155522667675,4,Sensitizers
 PGLYRP2, PGLYRP2,0.166916072666667,3,Sensitizers
 PHF21A, PHF21A,0.10059334375,4,Sensitizers
 PIGC, PIGC,0.1584108869,3,Sensitizers
 PIGO, PIGO,0.126467226333333,3,Sensitizers
 PIK3C2G, PIK3C2G,0.1816445495,4,Sensitizers
 PIK3C3, PIK3C3,0.2233005,3,Sensitizers
 PIK3CD, PIK3CD,0.183358118333333,3,Sensitizers
 PIK3R2, PIK3R2,0.0473016103333333,3,Sensitizers
 PITPNB, PITPNB,0.207692443333333,3,Sensitizers
 PLA2G4C, PLA2G4C,0.0804559499666667,3,Sensitizers
 PLA2G6, PLA2G6,0.196631882666667,3,Sensitizers
 PLAU, PLAU,0.079961527,3,Sensitizers
 PLCB2, PLCB2,0.150470751333333,3,Sensitizers
 PLEKHA8, PLEKHA8,0.0951633266666667,3,Sensitizers
 PLG, PLG,0.126767941666667,3,Sensitizers
 PLK1, PLK1,0.09289441714,10,Sensitizers
 PMS2L3, PMS2L3,0.0742405913333333,3,Sensitizers
 PNPLA3, PNPLA3,0.073322117,3,Sensitizers
 POLE3, POLE3,0.19625866,3,Sensitizers
 POLE4, POLE4,0.0363563216666667,3,Sensitizers
 POLG, POLG,0.182620063333333,3,Sensitizers
 POLK, POLK,0.0580694816666667,3,Sensitizers
 POLR1E, POLR1E,0.118176676,3,Sensitizers
 POLR2B, POLR2B,0.0651189453333333,6,Sensitizers
 POLR2C, POLR2C,0.17480441725,4,Sensitizers
 POLR2G, POLR2G,0.171769362,3,Sensitizers
 POLR2H, POLR2H,0.0598174210333333,3,Sensitizers
 POLR2I, POLR2I,0.122057823333333,3,Sensitizers
 POLR2L, POLR2L,0.188471766666667,3,Sensitizers
 POLR3GL, POLR3GL,0.114886777466667,3,Sensitizers
 PPP1R10, PPP1R10,0.117914530333333,3,Sensitizers
 PPP1R1B, PPP1R1B,0.0544362886666667,3,Sensitizers
 PPT1, PPT1,0.0732336276666667,3,Sensitizers
 PREP, PREP,0.0211702387666667,3,Sensitizers
 PRKAB1, PRKAB1,0.169090811666667,3,Sensitizers
 PRKD3, PRKD3,0.020131946,3,Sensitizers
 PRKRA, PRKRA,0.119382251666667,3,Sensitizers
 PROZ, PROZ,0.173715363333333,3,Sensitizers
 PRPF40A, PRPF40A,0.132179072666667,3,Sensitizers
 PSMA5, PSMA5,0.0668302834,3,Sensitizers
 PSMB10, PSMB10,0.0806252798333333,3,Sensitizers
 PSMB7, PSMB7,0.109039773666667,3,Sensitizers
 PSMC1, PSMC1,0.0988659971,4,Sensitizers
 PSMC2, PSMC2,0.121364073333333,3,Sensitizers
 PSMD13, PSMD13,0.0999677193,4,Sensitizers
 PSMD14, PSMD14,0.0845723513333333,3,Sensitizers
 PTAFR, PTAFR,0.110318517666667,3,Sensitizers
 PTGS2, PTGS2,0.065897214,3,Sensitizers
 PTK6, PTK6,0.0505455901666667,3,Sensitizers
 PTPN12, PTPN12,0.117956486925,4,Sensitizers
 PTPRN, PTPRN,0.0950561471666667,3,Sensitizers
 PTTG1, PTTG1,0.126700570333333,3,Sensitizers
 PTX3, PTX3,0.161303056666667,3,Sensitizers
 PYGO1, PYGO1,0.0180153313333333,3,Sensitizers
 QPCT, QPCT,0.187491773333333,3,Sensitizers
 QPRT, QPRT,0.107591096175,4,Sensitizers
 RAB23, RAB23,0.176946607666667,3,Sensitizers
 RAB3B, RAB3B,0.10355972425,4,Sensitizers
 RAD1, RAD1,0.134536903333333,3,Sensitizers
 RAD17, RAD17,0.159145809333333,3,Sensitizers
 RAD21, RAD21,0.108082175,3,Sensitizers
 RAD9A, RAD9A,0.0594487366,5,Sensitizers
 RAG1, RAG1,0.200025286666667,3,Sensitizers
 RANBP9, RANBP9,0.0126537293,4,Sensitizers
 RAPSN, RAPSN,0.19410647,3,Sensitizers
 RASA1, RASA1,0.0687685616666667,3,Sensitizers
 RASAL1, RASAL1,0.0819492815,4,Sensitizers
 RASGRF1, RASGRF1,0.139137616,4,Sensitizers
 RBL1, RBL1,0.0612093189,4,Sensitizers
 RBL2, RBL2,0.0670483297142857,7,Sensitizers
 RBX1, RBX1,0.116369062166667,6,Sensitizers
 RCHY1, RCHY1,0.166864705,3,Sensitizers
 RFXAP, RFXAP,0.089224311,3,Sensitizers
 RNASEL, RNASEL,0.0278233903333333,3,Sensitizers
 RNF146, RNF146,0.12637764,3,Sensitizers
 ROCK2, ROCK2,0.118212425,3,Sensitizers
 RPE, RPE,0.0546166239,3,Sensitizers
 RPL13, RPL13,0.14040413,5,Sensitizers
 RPN1, RPN1,0.03566927595,4,Sensitizers
 RPN2, RPN2,0.1562758859,3,Sensitizers
 RPS6KB1, RPS6KB1,0.0463010178666667,3,Sensitizers
 RPTOR, RPTOR,0.0301335666666667,3,Sensitizers
 RRAD, RRAD,0.0596507717666667,3,Sensitizers
 RRM1, RRM1,0.153285714,3,Sensitizers
 RTN4R, RTN4R,0.123459174333333,3,Sensitizers
 RUVBL1, RUVBL1,0.0625331316666667,3,Sensitizers
 RXRA, RXRA,0.082828631075,4,Sensitizers
 S100B, S100B,0.13078713,3,Sensitizers
 SAT1, SAT1,0.118752837666667,3,Sensitizers
 SC4MOL, SC4MOL,0.0749181233333333,3,Sensitizers
 SCD5, SCD5,0.150149783333333,3,Sensitizers
 SCN3B, SCN3B,0.0835763276,4,Sensitizers
 SCN5A, SCN5A,0.143583465,4,Sensitizers
 SCNN1B, SCNN1B,0.0891968923666667,3,Sensitizers
 SDC3, SDC3,0.116885008333333,3,Sensitizers
 SDHA, SDHA,0.108280586666667,3,Sensitizers
 SEMA3A, SEMA3A,0.169687465333333,3,Sensitizers
 SEMA7A, SEMA7A,0.1349746964,3,Sensitizers
 SERPINA3, SERPINA3,0.128685881,3,Sensitizers
 SERPINE1, SERPINE1,0.189996536666667,3,Sensitizers
 SFN, SFN,0.0761832893333333,3,Sensitizers
 SFTPA2B, SFTPA2B,0.18268253,3,Sensitizers
 SH3GL2, SH3GL2,0.087545687,4,Sensitizers
 SHBG, SHBG,0.10038388525,4,Sensitizers
 SHH, SHH,0.066436816,4,Sensitizers
 SHOC2, SHOC2,0.113275476666667,3,Sensitizers
 SIRT1, SIRT1,0.1825322515,4,Sensitizers
 SIRT5, SIRT5,0.0949247393333333,3,Sensitizers
 SKI, SKI,0.155657158333333,3,Sensitizers
 SKP1A, SKP1A,0.1758403155,3,Sensitizers
 SLC1A6, SLC1A6,0.137885376333333,3,Sensitizers
 SLC2A3, SLC2A3,0.1936495,3,Sensitizers
 SLC30A4, SLC30A4,0.0975975055,4,Sensitizers
 SLC30A6, SLC30A6,0.0871240673333333,3,Sensitizers
 SLC32A1, SLC32A1,0.112410882666667,3,Sensitizers
 SLC6A13, SLC6A13,0.17467061,3,Sensitizers
 SLPI, SLPI,0.0926871856666667,3,Sensitizers
 SMARCA4, SMARCA4,0.0895026833333333,3,Sensitizers
 SMARCE1, SMARCE1,0.066278561325,4,Sensitizers
 SNAI1, SNAI1,0.151485071,3,Sensitizers
 SNAP25, SNAP25,0.072340892,3,Sensitizers
 SNX13, SNX13,0.0263955532,3,Sensitizers
 SNX2, SNX2,0.132493071333333,3,Sensitizers
 SNX4, SNX4,0.0843695333333333,3,Sensitizers
 SOCS5, SOCS5,0.076539346,3,Sensitizers
 SOS1, SOS1,0.139456351333333,3,Sensitizers
 SOX17, SOX17,0.112177855666667,3,Sensitizers
 SOX9, SOX9,0.18593011,4,Sensitizers
 SPCS1, SPCS1,0.124736296625,4,Sensitizers
 SPIB, SPIB,0.088047078,3,Sensitizers
 SPRED1, SPRED1,0.1679783425,4,Sensitizers
 SPTAN1, SPTAN1,0.19042539525,4,Sensitizers
 SPTLC1, SPTLC1,0.05951830425,4,Sensitizers
 SRF, SRF,0.219011336666667,3,Sensitizers
 SRXN1, SRXN1,0.130242811866667,3,Sensitizers
 SRY, SRY,0.206690153333333,3,Sensitizers
 SSR4, SSR4,0.05060771596,5,Sensitizers
 SSTR5, SSTR5,0.114083594166667,3,Sensitizers
 ST3GAL5, ST3GAL5,0.143585652,3,Sensitizers
 ST6GALNAC3, ST6GALNAC3,0.146681446966667,3,Sensitizers
 ST6GALNAC5, ST6GALNAC5,0.0155228286666667,3,Sensitizers
 ST6GALNAC6, ST6GALNAC6,0.0207943753333333,3,Sensitizers
 ST8SIA1, ST8SIA1,0.255741,3,Sensitizers
 STAT6, STAT6,0.15198343,3,Sensitizers
 STMN2, STMN2,0.21222135,3,Sensitizers
 STON1, STON1,0.071709715,3,Sensitizers
 STRA6, STRA6,0.0521929353333333,3,Sensitizers
 STX17, STX17,0.22732336,3,Sensitizers
 STX6, STX6,0.208077266666667,3,Sensitizers
 STX8, STX8,0.157563363333333,3,Sensitizers
 SULT1C4, SULT1C4,0.105970018666667,3,Sensitizers
 SULT1E1, SULT1E1,0.1012974278,3,Sensitizers
 SUMO3, SUMO3,0.0658086463333333,3,Sensitizers
 SUZ12, SUZ12,0.16454492,3,Sensitizers
 SYNJ1, SYNJ1,0.150600282433333,3,Sensitizers
 SYNJ2, SYNJ2,0.119567206,3,Sensitizers
 TAF1, TAF1,0.24501556,4,Sensitizers
 TAF12, TAF12,0.14266341425,4,Sensitizers
 TBK1, TBK1,0.157227327666667,3,Sensitizers
 TBX21, TBX21,0.143846947933333,3,Sensitizers
 TBXAS1, TBXAS1,0.1314348482,3,Sensitizers
 TCERG1, TCERG1,0.0976185606666667,3,Sensitizers
 TCF4, TCF4,0.111445057,3,Sensitizers
 TCIRG1, TCIRG1,0.0137366996666667,3,Sensitizers
 TGDS, TGDS,0.085639853,3,Sensitizers
 TGFB2, TGFB2,0.128246267666667,3,Sensitizers
 TGM1, TGM1,0.070054804,3,Sensitizers
 TIRAP, TIRAP,0.221613935,4,Sensitizers
 TKTL1, TKTL1,0.174403423333333,3,Sensitizers
 TLR3, TLR3,0.101492758333333,3,Sensitizers
 TLR8, TLR8,0.255124193333333,3,Sensitizers
 TNF, TNF,0.19628118675,4,Sensitizers
 TNFRSF10D, TNFRSF10D,0.0979598596666667,3,Sensitizers
 TNFRSF17, TNFRSF17,0.16450159,3,Sensitizers
 TNFRSF4, TNFRSF4,0.167098973333333,3,Sensitizers
 TNFSF13, TNFSF13,0.088235990825,4,Sensitizers
 TNFSF18, TNFSF18,0.0722153453333333,3,Sensitizers
 TNFSF8, TNFSF8,0.15791773,3,Sensitizers
 TNNT2, TNNT2,0.08186435025,4,Sensitizers
 TOP3A, TOP3A,0.128234353666667,3,Sensitizers
 TPK1, TPK1,0.0861869836666667,3,Sensitizers
 TRAF2, TRAF2,0.217312112,3,Sensitizers
 TRAFD1, TRAFD1,0.220874703333333,3,Sensitizers
 TREH, TREH,0.19613442,3,Sensitizers
 TREM1, TREM1,0.210475076666667,3,Sensitizers
 TRIB3, TRIB3,0.20276933,3,Sensitizers
 TRPM2, TRPM2,0.0942070586666667,3,Sensitizers
 TSC2, TSC2,0.0899504354666667,3,Sensitizers
 TSTD2, TSTD2,0.096141375375,4,Sensitizers
 TUBA4A, TUBA4A,0.0833902306666667,3,Sensitizers
 TUBA8, TUBA8,0.107068517333333,3,Sensitizers
 TUBE1, TUBE1,0.145582220366667,3,Sensitizers
 TXN, TXN,0.103427638,3,Sensitizers
 TXNRD2, TXNRD2,0.129107584,4,Sensitizers
 UAP1, UAP1,0.112479517333333,3,Sensitizers
 UBE2C, UBE2C,0.100908789,3,Sensitizers
 UBE2G2, UBE2G2,0.0894097546666667,3,Sensitizers
 UBE2J1, UBE2J1,0.115631466666667,3,Sensitizers
 UBE2L3, UBE2L3,0.18630127,3,Sensitizers
 UCP2, UCP2,0.1724584955,4,Sensitizers
 UCP3, UCP3,0.078786283,3,Sensitizers
 UGT1A1, UGT1A1,0.151760001666667,3,Sensitizers
 UGT1A5, UGT1A5,0.119545866666667,3,Sensitizers
 UGT1A6, UGT1A6,0.0529424223333333,3,Sensitizers
 VANGL1, VANGL1,0.0941539726666667,3,Sensitizers
 VEGFA, VEGFA,0.101648825666667,3,Sensitizers
 VIL2, VIL2,0.118077761,3,Sensitizers
 WIPI2, WIPI2,0.101427226666667,3,Sensitizers
 WNT2, WNT2,0.0952701575,4,Sensitizers
 WT1, WT1,0.186288254666667,3,Sensitizers
 XAB2, XAB2,0.0592339027666667,3,Sensitizers
 YARS2, YARS2,0.117763201,3,Sensitizers
 YWHAZ, YWHAZ,0.23345099,3,Sensitizers
 ZFP42, ZFP42,0.126372143333333,3,Sensitizers
 ACP6, ACP6,8.79690586666667,3,Protectors
 ACTB, ACTB,14.6624657333333,3,Protectors
 ACVR1, ACVR1,11.2142717666667,3,Protectors
 ADCYAP1R1, ADCYAP1R1,38.6082276666667,3,Protectors
 ADH7, ADH7,9.15352006666667,3,Protectors
 ADSSL1, ADSSL1,8.0187511,3,Protectors
 AFMID, AFMID,37.2772985,3,Protectors
 AGL, AGL,13.0936833666667,3,Protectors
 AK1, AK1,77.3796686666667,3,Protectors
 AKAP3, AKAP3,5.56929946666667,3,Protectors
 AKAP5, AKAP5,8.18656883333333,3,Protectors
 AKAP6, AKAP6,24.2991236666667,3,Protectors
 ANGPTL6, ANGPTL6,7.28624123333333,3,Protectors
 APAF1, APAF1,34.7759543333333,3,Protectors
 APEX2, APEX2,13.7597181,3,Protectors
 ARHGDIA, ARHGDIA,4.65431493333333,3,Protectors
 ARHGEF2, ARHGEF2,107.1112846,3,Protectors
 ARHGEF6, ARHGEF6,24.8605709,3,Protectors
 ARPC1A, ARPC1A,3.79420946666667,3,Protectors
 ATG4B, ATG4B,35.3680849,3,Protectors
 ATP2A2, ATP2A2,30.8759216666667,3,Protectors
 ATP6V1E1, ATP6V1E1,9.5822646,3,Protectors
 AURKA, AURKA,27.2278371,3,Protectors
 AZGP1, AZGP1,5.03677693333333,3,Protectors
 B3GALT5, B3GALT5,55.1837692,3,Protectors
 B3GAT1, B3GAT1,10.5055601333333,3,Protectors
 BAG4, BAG4,35.5273556666667,3,Protectors
 BCAR1, BCAR1,4.42581383333333,3,Protectors
 BCKDHB, BCKDHB,56.8865525,3,Protectors
 BDH2, BDH2,14.4885133333333,3,Protectors
 BECN1, BECN1,4.33592535,4,Protectors
 BHLHA15, BHLHA15,3.9725326,3,Protectors
 BNIP1, BNIP1,9.07052123333333,3,Protectors
 BNIP3L, BNIP3L,9.6007495,3,Protectors
 C1GALT1, C1GALT1,34.065490125,4,Protectors
 C4A, C4A,22.1347676666667,3,Protectors
 C7ORF16, C7ORF16,162.721514066667,3,Protectors
 CA12, CA12,9.31572233333333,3,Protectors
 CA3, CA3,5.96581123333333,3,Protectors
 CA7, CA7,11.2063508666667,3,Protectors
 CAMK1, CAMK1,35.2796395333333,3,Protectors
 CAPN1, CAPN1,22.4357932666667,3,Protectors
 CAPN3, CAPN3,6.78815296666667,3,Protectors
 CAPNS1, CAPNS1,92.6348834666667,3,Protectors
 CAPNS2, CAPNS2,7.86027383333333,3,Protectors
 CARD6, CARD6,43.782453,3,Protectors
 CASP8AP2, CASP8AP2,61.7850821,3,Protectors
 CBX2, CBX2,10.1902611333333,3,Protectors
 CBX7, CBX7,95.7235548333333,3,Protectors
 CCL4, CCL4,10.2315758333333,3,Protectors
 CCNB1, CCNB1,12.3024865666667,3,Protectors
 CCNE1, CCNE1,11.6399927666667,3,Protectors
 CCR6, CCR6,24.7547591333333,3,Protectors
 CD14, CD14,8.661015,3,Protectors
 CD22, CD22,3.794952,3,Protectors
 CD46, CD46,19.7353316666667,3,Protectors
 CD59, CD59,7.3089018,3,Protectors
 CDC25C, CDC25C,8.49547926666667,3,Protectors
 CDC27, CDC27,6.0334235,3,Protectors
 CDC2L1, CDC2L1,104.0062185,3,Protectors
 CFLAR, CFLAR,12.9348814,3,Protectors
 CHAD, CHAD,15.3287029,3,Protectors
 CHRNA3, CHRNA3,19.619441,3,Protectors
 CHRNA6, CHRNA6,13.5110882,3,Protectors
 CHRNB2, CHRNB2,5.52440743333333,3,Protectors
 CHUK, CHUK,52.2902605,3,Protectors
 CLDN23, CLDN23,29.3616562333333,3,Protectors
 CNPY3, CNPY3,23.6675016666667,3,Protectors
 COL13A1, COL13A1,6.81410916666667,3,Protectors
 COL23A1, COL23A1,51.3867208,3,Protectors
 CPE, CPE,14.81749,3,Protectors
 CSNK1A1L, CSNK1A1L,4.85376053333333,3,Protectors
 CSNK2A2, CSNK2A2,19.2143356333333,3,Protectors
 CTBP2, CTBP2,25.1413102,3,Protectors
 EFNA4, EFNA4,12.5547334666667,3,Protectors
 EI24, EI24,3.88797856666667,3,Protectors
 EIF4EBP2, EIF4EBP2,6.55305766666667,3,Protectors
 ELA1, ELA1,5.5537166,3,Protectors
 EZH1, EZH1,34.770307,3,Protectors
 FABP5, FABP5,16.8955882,3,Protectors
 FBXW2, FBXW2,4.6487201,3,Protectors
 FOXA2, FOXA2,13.930170925,4,Protectors
 FSHR, FSHR,15.849285225,4,Protectors
 GAB1, GAB1,8.4569762,3,Protectors
 GABRA2, GABRA2,11.937845,3,Protectors
 GALNT2, GALNT2,6.0034427,3,Protectors
 GATA6, GATA6,8.55428003333333,3,Protectors
 GCH1, GCH1,58.1411046666667,3,Protectors
 GGPS1, GGPS1,14.9439431,3,Protectors
 GPR109B, GPR109B,6.25579993333333,3,Protectors
 GPR183, GPR183,44.0083193333333,3,Protectors
 GPX1, GPX1,4.0603703,3,Protectors
 GPX5, GPX5,8.638375575,4,Protectors
 GRM5, GRM5,9.78266383333333,3,Protectors
 GSK3A, GSK3A,38.3796123333333,3,Protectors
 GSS, GSS,7.67675833333333,3,Protectors
 GTF2A1, GTF2A1,38.5035263666667,3,Protectors
 GTF3C3, GTF3C3,63.1736633333333,3,Protectors
 HAO1, HAO1,4.8468498,4,Protectors
 HELLS, HELLS,11.5360926666667,3,Protectors
 HIST2H3C, HIST2H3C,10.8251760333333,3,Protectors
 HLA-G, HLA-G,6.03908126666667,3,Protectors
 HLX, HLX,31.2784999,3,Protectors
 HMGA1, HMGA1,7.839556425,4,Protectors
 HMGB2, HMGB2,22.4871577666667,3,Protectors
 HMGCS2, HMGCS2,355.076098566667,3,Protectors
 HRH3, HRH3,10.9163905,3,Protectors
 HSPA1A, HSPA1A,22.5744605333333,3,Protectors
 HYAL2, HYAL2,3.70535643333333,3,Protectors
 HYI, HYI,53.119688025,4,Protectors
 ID1, ID1,12.39552,3,Protectors
 IFNA2, IFNA2,364.535926166667,3,Protectors
 IFNA8, IFNA8,6.04513153333333,3,Protectors
 IFNGR1, IFNGR1,5.2258823,3,Protectors
 IFT172, IFT172,5.4762226,4,Protectors
 IGFBP2, IGFBP2,26.1890435666667,3,Protectors
 IKBKAP, IKBKAP,10.414456275,4,Protectors
 IL10RB, IL10RB,6.337418525,4,Protectors
 IL17A, IL17A,101.550454533333,3,Protectors
 IL19, IL19,7.67915693333333,3,Protectors
 IL1B, IL1B,8.63579233333333,3,Protectors
 IL27, IL27,6.04533836666667,3,Protectors
 IRF2BP2, IRF2BP2,7.1314042,3,Protectors
 IRF6, IRF6,340.479324075,4,Protectors
 ITGA6, ITGA6,82.0979258666667,3,Protectors
 ITGAM, ITGAM,12.1090411,3,Protectors
 ITGAX, ITGAX,41.1930021666667,3,Protectors
 ITPA, ITPA,17.0952077333333,3,Protectors
 JAG2, JAG2,22.4471622666667,3,Protectors
 JAM2, JAM2,7.2248421,3,Protectors
 KARS, KARS,106.21694615,4,Protectors
 KCNMB1, KCNMB1,4.6922848,3,Protectors
 KCNMB3, KCNMB3,30.8974707333333,3,Protectors
 KIF11, KIF11,36.44991132,5,Protectors
 KPNB1, KPNB1,10.4134703,3,Protectors
 LAMB1, LAMB1,5.733051675,4,Protectors
 LAMP2, LAMP2,7.8397743,3,Protectors
 LCMT1, LCMT1,6.27541673333333,3,Protectors
 LEF1, LEF1,25.1597418,3,Protectors
 LIAS, LIAS,67.7862528666667,3,Protectors
 LIMK1, LIMK1,7.29203766666667,3,Protectors
 LOC400652, LOC400652,3.56679906666667,3,Protectors
 LOC402057, LOC402057,9.67129966666667,3,Protectors
 LPAR3, LPAR3,9.03468973333333,3,Protectors
 LPIN3, LPIN3,32.0019431666667,3,Protectors
 LRMP, LRMP,3.40675323333333,3,Protectors
 LRPAP1, LRPAP1,12.1304325,4,Protectors
 LTA4H, LTA4H,16.5991279,3,Protectors
 LY86, LY86,4.04559305,4,Protectors
 MAG, MAG,9.21763113333333,3,Protectors
 MAPK11, MAPK11,7.61224733333333,3,Protectors
 MAPKAPK5, MAPKAPK5,14.7182103666667,3,Protectors
 MDH1, MDH1,4.51046356666667,3,Protectors
 MDM4, MDM4,13.163775075,4,Protectors
 MEST, MEST,5.3087078,4,Protectors
 MPL, MPL,176.240268533333,3,Protectors
 MTFMT, MTFMT,9.26687626666667,3,Protectors
 MTNR1B, MTNR1B,89.3827511666667,3,Protectors
 MTTP, MTTP,10.9550324666667,3,Protectors
 NCL, NCL,6.54233413333333,3,Protectors
 NDST2, NDST2,3.52491586666667,3,Protectors
 NEUROD1, NEUROD1,7.71769266666667,3,Protectors
 NFS1, NFS1,7.1194962,3,Protectors
 NFYB, NFYB,4.98918633333333,3,Protectors
 NKRF, NKRF,23.416874,3,Protectors
 NKX2-2, NKX2-2,46.6636318,3,Protectors
 NNMT, NNMT,9.14961753333333,3,Protectors
 NOV, NOV,34.4892865333333,3,Protectors
 NPAS2, NPAS2,5.3057609,3,Protectors
 NSMAF, NSMAF,5.1555138,3,Protectors
 NT5C, NT5C,37.437301025,4,Protectors
 NT5C1A, NT5C1A,32.5138475333333,3,Protectors
 ORC2L, ORC2L,61.6819324333333,3,Protectors
 ORM1, ORM1,71.3308369,3,Protectors
 OXCT1, OXCT1,7.6757392,3,Protectors
 OXTR, OXTR,41.7257432666667,3,Protectors
 PAK2, PAK2,9.684709,3,Protectors
 PANK1, PANK1,7.40642116666667,3,Protectors
 PAPOLA, PAPOLA,25.1799976666667,3,Protectors
 PAX8, PAX8,30.3638112666667,3,Protectors
 PC, PC,45.8507662333333,3,Protectors
 PCNP, PCNP,4.4733283,4,Protectors
 PDE6C, PDE6C,9.301586375,4,Protectors
 PDLIM5, PDLIM5,75.5280833333333,3,Protectors
 PFKFB4, PFKFB4,14.6435423333333,3,Protectors
 PGK2, PGK2,181.627511,4,Protectors
 PHF1, PHF1,16.5157915666667,3,Protectors
 PHKA2, PHKA2,6.49536633333333,3,Protectors
 PIAS4, PIAS4,8.84581906666667,3,Protectors
 PICALM, PICALM,44.0451424,3,Protectors
 PLA2G4D, PLA2G4D,8.22373696666667,3,Protectors
 PLAT, PLAT,10.44292535,4,Protectors
 PLLP, PLLP,15.326434,3,Protectors
 POLA1, POLA1,4.97907863333333,3,Protectors
 POLD1, POLD1,9.93843386666667,3,Protectors
 POLQ, POLQ,14.9724812666667,3,Protectors
 POLR1D, POLR1D,10.863488625,4,Protectors
 POLR3H, POLR3H,67.9190463333333,3,Protectors
 POLS, POLS,77.1901709666667,3,Protectors
 PPAT, PPAT,19.40202875,4,Protectors
 PPME1, PPME1,78.1861333,3,Protectors
 PRKCQ, PRKCQ,7.10634353333333,3,Protectors
 PRKRIR, PRKRIR,4.92807093333333,3,Protectors
 PRNP, PRNP,7.8253442,3,Protectors
 PROCR, PROCR,7.39656466666667,3,Protectors
 PRODH, PRODH,35.51125,3,Protectors
 PSCD1, PSCD1,10.7552173333333,3,Protectors
 PSMA1, PSMA1,8.973822775,4,Protectors
 PSMA3, PSMA3,12.76482575,4,Protectors
 PSMA4, PSMA4,30.7173665666667,3,Protectors
 PSMF1, PSMF1,300.569632133333,3,Protectors
 PTK2B, PTK2B,26.4737212666667,3,Protectors
 PTPN1, PTPN1,72.16085475,4,Protectors
 PTPRU, PTPRU,8.87380156666667,3,Protectors
 RAB1A, RAB1A,10.1794624,3,Protectors
 RAB1B, RAB1B,6.374731375,4,Protectors
 RAB3A, RAB3A,4.3271179,3,Protectors
 RAD51L3, RAD51L3,13.3116110666667,3,Protectors
 RAN, RAN,21.5951646666667,3,Protectors
 RARA, RARA,4.754934,3,Protectors
 RELB, RELB,7.19477493333333,3,Protectors
 RETNLB, RETNLB,30.8595994,3,Protectors
 RNF216, RNF216,7.89829176666667,3,Protectors
 RPL11, RPL11,232.975120275,4,Protectors
 RPS6, RPS6,85.2182172,3,Protectors
 RTF1, RTF1,3.77738003333333,3,Protectors
 SCN2B, SCN2B,3.9296108,3,Protectors
 SDHD, SDHD,6.06702426666667,3,Protectors
 SEC22B, SEC22B,435.0588644,3,Protectors
 SELP, SELP,27.6609001333333,3,Protectors
 SESN1, SESN1,10.5698715,3,Protectors
 SETD2, SETD2,8.61800875,4,Protectors
 SHC1, SHC1,41.3973051666667,3,Protectors
 SHC4, SHC4,70.6938219,3,Protectors
 SKIL, SKIL,9.57862186666667,3,Protectors
 SLC25A4, SLC25A4,6.379335,3,Protectors
 SLC9A3R1, SLC9A3R1,3.95178403333333,3,Protectors
 SMARCB1, SMARCB1,40.406526,3,Protectors
 SMO, SMO,7.4919044,3,Protectors
 SOD1, SOD1,8.53847583333333,3,Protectors
 SPCS3, SPCS3,34.4601339666667,3,Protectors
 SPRY3, SPRY3,7.85887143333333,3,Protectors
 SPTBN4, SPTBN4,22.1617842333333,3,Protectors
 SRC, SRC,4.69852733333333,3,Protectors
 SRP19, SRP19,11.261481,3,Protectors
 SRP68, SRP68,18.936207,3,Protectors
 ST3GAL1, ST3GAL1,7.13195933333333,3,Protectors
 ST8SIA5, ST8SIA5,14.4471916666667,3,Protectors
 SULT1A4, SULT1A4,6.07508843333333,3,Protectors
 SULT1B1, SULT1B1,6.14838146666667,3,Protectors
 SULT2A1, SULT2A1,20.4861804666667,3,Protectors
 SYN3, SYN3,4.930410975,4,Protectors
 SYT2, SYT2,5.40646656666667,3,Protectors
 T, T,4.06136204,5,Protectors
 TACR1, TACR1,114.425726433333,3,Protectors
 TAL1, TAL1,18.198504,3,Protectors
 TCF7L1, TCF7L1,5.015918875,4,Protectors
 TEP1, TEP1,4.87347776666667,3,Protectors
 TGFBR2, TGFBR2,11.683862,3,Protectors
 THPO, THPO,17.5798386666667,3,Protectors
 THY1, THY1,8.796670325,4,Protectors
 TIAM1, TIAM1,19.1999482,3,Protectors
 TIMP3, TIMP3,387.122107166667,3,Protectors
 TLX3, TLX3,71.2006144333333,3,Protectors
 TNFRSF19, TNFRSF19,15.2498239,3,Protectors
 TNFRSF9, TNFRSF9,30.4834906666667,3,Protectors
 TNFSF9, TNFSF9,6.22745653333333,3,Protectors
 TOLLIP, TOLLIP,5.25038956666667,3,Protectors
 TPH2, TPH2,6.46446696666667,3,Protectors
 TPP1, TPP1,7.22361366666667,3,Protectors
 TRH, TRH,7.30410033333333,3,Protectors
 TRIP12, TRIP12,4.3117391,3,Protectors
 TRPV1, TRPV1,9.72761756666667,3,Protectors
 TSHR, TSHR,7.632023,3,Protectors
 TSPAN7, TSPAN7,76.2697956666667,3,Protectors
 TUBA3C, TUBA3C,40.3818413333333,3,Protectors
 TUBG2, TUBG2,22.36020572,5,Protectors
 UBE1, UBE1,6.23377443333333,3,Protectors
 UROD, UROD,5.89754826666667,3,Protectors
 USP9X, USP9X,36.3126324,3,Protectors
 VAMP2, VAMP2,9.21003566666667,3,Protectors
 VAX2, VAX2,9.342685,3,Protectors
 VKORC1, VKORC1,18.9070897333333,3,Protectors
 WEE1, WEE1,29.49086155,4,Protectors
 WNT7B, WNT7B,92.7427872,3,Protectors
 WRN, WRN,81.7473573333333,3,Protectors
 XPO1, XPO1,16.0953982,4,Protectors
 ZMYM2, ZMYM2,6.69517913333333,3,Protectors
